make;model;trim;amount
polestar;1;;2
peugeot;108;;129
peugeot;108;Active;12
peugeot;108;Collection;38
peugeot;108;Style;9
bmw;114;;1
bmw;116;;106
bmw;116;Advantage;22
bmw;116;M Sport;7
bmw;116;Sport Line;10
bmw;118;;496
bmw;118;Advantage;51
bmw;118;M Sport;25
bmw;118;Sport Line;19
bmw;120;;187
bmw;120;Advantage;11
bmw;120;M Sport;42
bmw;120;Sport Line;17
fiat;124-spider;;20
fiat;124-spider;Lusso;7
bmw;125;;9
bmw;128;;26
mazda;2;;322
mazda;2;Homura;49
mazda;2;Kizoku;31
mazda;2;Sports-Line;11
peugeot;2008;;324
peugeot;2008;Active;17
peugeot;2008;Active Pack;10
peugeot;2008;Allure;72
peugeot;2008;Crossway;8
peugeot;2008;GT Pack;7
peugeot;2008;Signature;12
peugeot;208;;337
peugeot;208;Active;42
peugeot;208;Active Pack;36
peugeot;208;Allure;19
peugeot;208;Allure Pack;32
peugeot;208;GT;31
peugeot;208;Signature;8
bmw;216;;29
bmw;216;Advantage;11
bmw;216-active-tourer;;5
bmw;216-gran-tourer;;7
bmw;218;;343
bmw;218;Advantage;60
bmw;218;M Sport;10
bmw;218;Sport Line;18
bmw;218-active-tourer;;67
bmw;218-gran-coupe;;72
bmw;218-gran-tourer;;34
bmw;220;;259
bmw;220;Advantage;34
bmw;220;M Sport;56
bmw;220;Sport Line;26
bmw;220-active-tourer;;20
bmw;220-coupe;;1
bmw;220-gran-coupe;;36
bmw;220-gran-tourer;;8
bmw;225;;39
bmw;225-active-tourer;;38
bmw;225-active-tourer;Advantage;9
bmw;225-active-tourer;Sport Line;9
bmw;228;;3
bmw;230;;25
bmw;230;M Sport;8
mercedes-benz;250;;4
mazda;3;;292
mazda;3;Nakama;13
mazda;3;Selection;21
mercedes-benz;300;;1
peugeot;3008;;445
peugeot;3008;Active;19
peugeot;3008;Active Pack;11
peugeot;3008;Allure;70
peugeot;3008;Allure Pack;25
peugeot;3008;Crossway;15
peugeot;3008;GT;46
peugeot;3008;GT Pack;7
peugeot;308;;467
peugeot;308;Active;48
peugeot;308;Allure;79
peugeot;308;GT;25
peugeot;308;GT-Line Edition;8
bmw;316;;8
bmw;318;;321
bmw;318;Advantage;33
bmw;318;M Sport;31
bmw;318;Sport Line;21
bmw;318-gran-turismo;;1
bmw;320;;818
bmw;320;Advantage;88
bmw;320;Luxury Line;25
bmw;320;M Sport;146
bmw;320;M Sport Shadow;9
bmw;320;Sport Line;74
bmw;320-gran-turismo;;10
bmw;325;;1
bmw;328;;3
bmw;330;;361
bmw;330;Advantage;69
bmw;330;Luxury Line;19
bmw;330;M Sport;129
bmw;330;M Sport Shadow;7
bmw;330;Sport Line;44
bmw;330-gran-turismo;;2
bmw;335;;8
bmw;335-gran-turismo;;1
bmw;340;;19
bmw;340;Sport Line;8
mercedes-benz;350;;1
nissan;370z;;3
peugeot;4008;;1
bmw;418;;2
bmw;420;;173
bmw;420;Advantage;19
bmw;420;M Sport;49
bmw;420;Sport Line;8
bmw;420-gran-coupe;;18
bmw;425;;1
bmw;428;;2
bmw;430;;111
bmw;430;M Sport;39
bmw;430-gran-coupe;;6
bmw;435;;10
bmw;435;M Sport;7
bmw;435-gran-coupe;;1
bmw;440;;48
bmw;440;M Sport;19
bmw;440-gran-coupe;;3
ferrari;488-spider;;1
mazda;5;;2
fiat;500;;802
fiat;500;(RED);19
fiat;500;Cult;73
fiat;500;DOLCEVITA;319
fiat;500;Dolcevita;27
fiat;500;Hey Google;7
fiat;500;Lounge;32
fiat;500;S;10
fiat;500;Sport;34
peugeot;5008;;109
peugeot;5008;Allure;22
peugeot;5008;Allure Pack;13
peugeot;5008;GT;23
fiat;500c;;628
fiat;500c;Cult;46
fiat;500c;DOLCEVITA;255
fiat;500c;Hey Google;24
fiat;500c;La Prima;108
fiat;500c;Lounge;11
fiat;500c;Sport;7
fiat;500e;;212
fiat;500e;(RED);7
fiat;500e;Icon;47
fiat;500l;;15
fiat;500l-trekking;;1
fiat;500s;;8
fiat;500x;;95
fiat;500x;Cross;11
fiat;500x;Sport;13
fiat;500x;YACHT CLUB CAPRI;10
peugeot;508;;125
peugeot;508;Allure;23
peugeot;508;Allure Pack;13
peugeot;508;GT;29
bmw;520;;534
bmw;525;;23
bmw;528;;1
bmw;530;;481
bmw;535;;2
bmw;540;;183
bmw;545;;4
mclaren;570s;;3
abarth;595;;64
abarth;595-competizione;;20
abarth;595-turismo;;13
abarth;595c;;44
mazda;6;;140
mazda;6;HOMURA;8
mazda;6;Sports-Line;48
bmw;620-gran-turismo;;5
bmw;630;;25
bmw;640;;19
bmw;640-gran-coupe;;1
abarth;695;;61
abarth;695c;;22
porsche;718;;23
bmw;730;;36
bmw;740;;36
bmw;745;;17
bmw;750;;17
bmw;840;;30
bmw;850;;37
porsche;911;;51
porsche;911;Carrera S;16
porsche;964;;1
porsche;991;;169
porsche;992;;277
porsche;992;Carrera;27
porsche;992;Carrera S;100
toyota;GR86;;12
nissan;NV250;;2
mercedes-benz;a-160;;40
mercedes-benz;a-180;;888
mercedes-benz;a-200;;1135
mercedes-benz;a-200;Progressive;9
mercedes-benz;a-220;;292
mercedes-benz;a-250;;792
mercedes-benz;a-35-amg;;182
mercedes-benz;a-35-amg;Mercedes-AMG;128
mercedes-benz;a-45-amg;;127
mercedes-benz;a-45-amg;Mercedes-AMG;23
mercedes-benz;a-45-amg;Mercedes-AMG S;54
audi;a1;;3305
audi;a1;advanced;690
audi;a1;citycarver;511
audi;a1;design;13
audi;a1;S line;644
audi;a1;sport;44
audi;a3;;5348
audi;a3;advanced;427
audi;a3;Ambiente;8
audi;a3;Ambition;10
audi;a3;Attraction;17
audi;a3;design;64
audi;a3;edition one;18
audi;a3;S line;433
audi;a3;S Line;8
audi;a3;sport;260
audi;a3;Sport;10
audi;a4;;4629
audi;a4;advanced;493
audi;a4;Attraction;10
audi;a4;design;44
audi;a4;S line;691
audi;a4;sport;189
audi;a4;Sport;8
audi;a4-allroad;;516
audi;a5;;2339
audi;a5;advanced;174
audi;a5;design;12
audi;a5;edition one;8
audi;a5;S line;321
audi;a5;sport;73
audi;a6;;4218
audi;a6;competition;33
audi;a6;design;203
audi;a6;sport;1179
audi;a6-allroad;;319
audi;a7;;382
audi;a7;competition;12
audi;a8;;402
opel;adam;;258
opel;adam;120 Jahre;28
opel;adam;Jam;42
opel;adam;ROCKS 120 Jahre;10
opel;adam;S;13
opel;adam;SLAM;27
renault;alaskan;;14
seat;alhambra;;593
seat;alhambra;Style;133
seat;alhambra;Xcellence;18
renault;alpine-a110;;66
seat;altea;;1
nissan;altima;;1
vw;amarok;;114
mercedes-benz;amg-e-53;;14
mercedes-benz;amg-e-53;Mercedes-AMG;13
mercedes-benz;amg-gt;;99
mercedes-benz;amg-gt-c;;23
mercedes-benz;amg-gt-c;C;14
mercedes-benz;amg-gt-r;;25
mercedes-benz;amg-gt-r;R;12
mercedes-benz;amg-gt-s;;5
opel;ampera;;5
opel;antara;;3
piaggio;ape;;6
renault;arkana;;543
renault;arkana;Intens;72
renault;arkana;R.S. Line;140
renault;arkana;Zen;95
seat;arona;;2380
seat;arona;Beats;12
seat;arona;Beats Fast Lane;10
seat;arona;FR;566
seat;arona;FR BEATS;19
seat;arona;Reference;25
seat;arona;Style;583
seat;arona;Style BEATS;10
seat;arona;Style CNG Fast Lane;9
seat;arona;Xcellence;224
seat;arona;Xperience;96
vw;arteon;;2669
vw;arteon;Elegance;1647
vw;arteon;R;162
vw;arteon;R-Line;39
opel;astra;;1898
opel;astra;120 Jahre;37
opel;astra;Active;16
opel;astra;Business;69
opel;astra;Business Edition;13
opel;astra;Dynamic;41
opel;astra;Edition;215
opel;astra;Elegance;44
opel;astra;Innovation;80
opel;astra;On;13
opel;astra;Ultimate;16
mitsubishi;asx;;46
seat;ateca;;3174
seat;ateca;Edition VZ;8
seat;ateca;FR;451
seat;ateca;Limited Edition;26
seat;ateca;Style;320
seat;ateca;Xcellence;294
seat;ateca;Xperience;55
cadillac;ats;;1
toyota;auris;;27
toyota;auris-touring-sports;;13
toyota;avensis;;18
toyota;aygo;;421
toyota;aygo;Team Deutschland;19
toyota;aygo;x;31
toyota;aygo;x-play touch;7
mercedes-benz;b-180;;494
mercedes-benz;b-200;;624
mercedes-benz;b-220;;138
mercedes-benz;b-250;;188
ford;b-max;;28
ford;b-max;Titanium;8
alpina;b3;;5
alpina;b4;;4
alpina;b5;;6
suzuki;baleno;;17
hyundai;bayon;;362
hyundai;bayon;Comfort;8
hyundai;bayon;Intro;59
hyundai;bayon;Select;44
hyundai;bayon;Trend;9
vw;beetle;;175
vw;beetle;Allstar;7
vw;beetle;Design;16
vw;beetle;Sound;21
vw;beetle;Sport;12
bentley;bentayga;;5
citroen;berlingo;;309
citroen;berlingo;FEEL;70
citroen;berlingo;FEEL PACK;41
citroen;berlingo;LIVE;15
citroen;berlingo;SHINE;52
citroen;berlingo;Start;15
chevrolet;blazer;;4
cupra;born;;111
peugeot;boxer;;165
porsche;boxster;;114
ford;bronco;;23
subaru;brz;;4
mercedes-benz;c-160;;4
mercedes-benz;c-180;;636
mercedes-benz;c-180;AVANTGARDE;10
mercedes-benz;c-180;Edition 1;23
mercedes-benz;c-200;;1039
mercedes-benz;c-200;AMG Line;7
mercedes-benz;c-200;AVANTGARDE;7
mercedes-benz;c-200;EDITION;13
mercedes-benz;c-200;Edition 1;10
mercedes-benz;c-220;;1314
mercedes-benz;c-250;;54
mercedes-benz;c-300;;1052
mercedes-benz;c-300;AMG Line;9
mercedes-benz;c-350;;8
mercedes-benz;c-400;;104
mercedes-benz;c-400;AMG Line;21
mercedes-benz;c-43-amg;;185
mercedes-benz;c-43-amg;AMG;19
mercedes-benz;c-43-amg;Mercedes-AMG;122
mercedes-benz;c-450-amg;;3
mercedes-benz;c-63-amg;;183
mercedes-benz;c-63-amg;Mercedes-AMG;41
mercedes-benz;c-63-amg;Mercedes-AMG S;64
mercedes-benz;c-63-s;;18
mercedes-benz;c-63-s;Mercedes-AMG S;7
citroen;c-elysee;;2
toyota;c-hr;;499
toyota;c-hr;Flow;12
toyota;c-hr;GR Sport;20
toyota;c-hr;Lounge;32
toyota;c-hr;Team Deutschland;259
ford;c-max;;103
ford;c-max;Titanium;53
ford;c-max;Trend;12
citroen;c1;;63
citroen;c1;Feel;12
citroen;c1;Shine;14
citroen;c3;;597
citroen;c3;FEEL;53
citroen;c3;Feel;30
citroen;c3;Feel Pack;30
citroen;c3;FEEL PACK;29
citroen;c3;Shine;100
citroen;c3;SHINE;21
citroen;c3;Shine Pack;77
citroen;c4;;247
citroen;c4;FEEL;40
citroen;c4;FEEL PACK;20
citroen;c4;SHINE;62
citroen;c4-aircross;;1
citroen;c4-cactus;;50
citroen;c4-cactus;Feel;9
citroen;c4-cactus;Shine;21
citroen;c4-picasso;;7
citroen;c5;;359
citroen;c5;FEEL;26
citroen;c5;FEEL PACK;15
citroen;c5;LIVE;12
citroen;c5;SHINE;35
citroen;c5;Shine Pack;49
corvette;c7;;1
vw;caddy;;3357
vw;caddy;Comfortline;25
vw;caddy;Comfortline BlueMotion Technology;28
vw;caddy;Highline;31
vw;caddy;Highline BlueMotion Technology;18
vw;caddy;Maxi Comfortline;12
vw;caddy;Maxi Highline;15
vw;caddy;Maxi Trendline;17
vw;caddy;Trendline;42
vw;caddy;Trendline BlueMotion;28
vw;caddy;Trendline BlueMotion Technology;66
vw;california;;1173
chevrolet;camaro;;2
toyota;camry;;5
mitsubishi;canter;;3
renault;captur;;2033
renault;captur;Collection;13
renault;captur;Edition One;11
renault;captur;Experience;44
renault;captur;Intens;682
renault;captur;Life;12
renault;captur;Limited;33
renault;captur;R.S. Line;86
renault;captur;Version S;17
renault;captur;Zen;205
vw;caravelle;;29
kia;carens;;13
opel;cascada;;44
opel;cascada;INNOVATION;14
porsche;cayenne;;296
porsche;cayenne;S;46
porsche;cayenne;Turbo;17
porsche;cayman;;89
vw;cc;;4
kia;cee-d;;808
kia;cee-d;Attract;7
kia;cee-d;Edition 7;9
kia;cee-d;GT;15
kia;cee-d;GT Line;9
kia;cee-d;Platinum Edition;7
kia;cee-d;Spirit;38
kia;cee-d;Vision;124
kia;cee-d-sporty-wagon;;9
suzuki;celerio;;5
dodge;challenger;;26
dodge;charger;;3
jeep;cherokee;;21
mercedes-benz;citan;;296
skoda;citigo;;232
skoda;citigo;Active;27
skoda;citigo;Ambition;18
skoda;citigo;Clever;31
skoda;citigo;Cool Edition;25
skoda;citigo;Easy;10
skoda;citigo;Monte Carlo;7
skoda;citigo;Style;21
aixam;city;;1
honda;civic;;96
honda;civic;Elegance;9
mercedes-benz;cla-180;;321
mercedes-benz;cla-180-shooting-brake;;55
mercedes-benz;cla-200;;655
mercedes-benz;cla-200-shooting-brake;;84
mercedes-benz;cla-220;;265
mercedes-benz;cla-220-shooting-brake;;13
mercedes-benz;cla-250;;371
mercedes-benz;cla-250-shooting-brake;;14
mercedes-benz;cla-35-amg;;86
mercedes-benz;cla-35-amg;Mercedes-AMG;74
mercedes-benz;cla-45;;15
mercedes-benz;cla-45;Mercedes-AMG S;10
mercedes-benz;cla-45-amg;;125
mercedes-benz;cla-45-amg;Mercedes-AMG;20
mercedes-benz;cla-45-amg;Mercedes-AMG S;68
mercedes-benz;cla-45-amg-shooting-brake;;8
mercedes-benz;cla-shooting-brake;;7
renault;clio;;1760
renault;clio;Business Edition;67
renault;clio;Edition One;14
renault;clio;Experience;43
renault;clio;Intens;386
renault;clio;Limited;53
renault;clio;Limited 2018;10
renault;clio;R.S. Line;45
renault;clio;Zen;392
mercedes-benz;cls-220;;12
mercedes-benz;cls-220-shooting-brake;;1
mercedes-benz;cls-250;;2
mercedes-benz;cls-300;;17
mercedes-benz;cls-350;;33
mercedes-benz;cls-350-shooting-brake;;1
mercedes-benz;cls-400;;81
mercedes-benz;cls-405;;55
mercedes-benz;cls-500;;1
mercedes-benz;cls-53-amg;;36
mercedes-benz;cls-53-amg;Mercedes-AMG;27
mercedes-benz;cls-63-amg;;1
opel;combo;;347
opel;combo;Edition;85
opel;combo;Elegance;20
opel;combo;INNOVATION;13
opel;combo;Ultimate;21
jeep;compass;;480
jeep;compass;Limited;22
lincoln;continental;;1
bentley;continental-gt;;9
bentley;continental-gtc;;7
bentley;continental-gtc-v8;;7
mini;cooper;;257
mini;cooper;Classic Trim;7
mini;cooper;Cooper;53
mini;cooper;Seven Chili;13
mini;cooper-cabrio;;147
mini;cooper-cabrio;Cooper;40
mini;cooper-clubman;;108
mini;cooper-clubman;Cooper;18
mini;cooper-countryman;;82
mini;cooper-countryman;ALL4 Trim;10
mini;cooper-countryman;Cooper;14
mini;cooper-countryman;Cooper S E;11
mini;cooper-d;;33
mini;cooper-d;Cooper;12
mini;cooper-d-cabrio;;7
mini;cooper-d-clubman;;16
mini;cooper-d-clubman;Cooper;9
mini;cooper-d-countryman;;17
mini;cooper-s;;261
mini;cooper-s;ALL4 Trim;9
mini;cooper-s;Cooper S;35
mini;cooper-s;Cooper S E;10
mini;cooper-s;Seven Chili;11
mini;cooper-s-cabrio;;97
mini;cooper-s-cabrio;Cooper S;12
mini;cooper-s-clubman;;41
mini;cooper-s-clubman;Cooper S;12
mini;cooper-s-countryman;;40
mini;cooper-s-countryman;Cooper S;12
mini;cooper-s-countryman;Cooper S E;8
mini;cooper-s-roadster;;1
mini;cooper-sd;;3
toyota;corolla;;443
toyota;corolla;Comfort;34
toyota;corolla;GR Sport;31
toyota;corolla;Lounge;9
toyota;corolla;Team Deutschland;127
opel;corsa;;1926
opel;corsa;120 Jahre;8
opel;corsa;Color Edition;16
opel;corsa;Corsa-e Selection;8
opel;corsa;Edition;538
opel;corsa;Elegance;312
opel;corsa;GS Line;146
opel;corsa;INNOVATION;10
opel;corsa;Selection;19
opel;corsa;Ultimate;42
opel;corsa-e;;590
opel;corsa-e;120 Jahre;17
opel;corsa-e;Color Edition;13
opel;corsa-e;Edition;116
opel;corsa-e;Elegance;82
opel;corsa-e;Selection;14
honda;cr-v;;102
honda;cr-v;Elegance;22
honda;cr-v;Executive;14
honda;cr-v;Lifestyle;12
honda;cr-v;Sport Line;17
vw;crafter;;1563
opel;crossland;;1198
opel;crossland;Crossland;46
opel;crossland;Edition;208
opel;crossland;Elegance;230
opel;crossland;GS Line;65
opel;crossland;INNOVATION;19
opel;crossland;Ultimate;86
opel;crossland-x;;666
opel;crossland-x;120 Jahre;28
opel;crossland-x;Crossland;11
opel;crossland-x;Edition;112
opel;crossland-x;Elegance;51
opel;crossland-x;GS Line;10
opel;crossland-x;INNOVATION;81
opel;crossland-x;Ultimate;58
aixam;crossline;;1
lexus;ct-200h;;2
cadillac;cts;;2
mazda;cx-3;;86
mazda;cx-3;Kangei;7
mazda;cx-3;Kizoku;13
mazda;cx-3;Signature;8
mazda;cx-3;Sports-Line;12
mazda;cx-30;;290
mazda;cx-30;Selection;26
mazda;cx-5;;589
mazda;cx-5;Ad'vantage;20
mazda;cx-5;Exclusive-Line;18
mazda;cx-5;HOMURA;57
mazda;cx-5;Kangei;46
mazda;cx-5;Nakama;14
mazda;cx-5;Nakama Intense;9
mazda;cx-5;Newground;16
mazda;cx-5;Signature;40
mazda;cx-5;Signature+;10
mazda;cx-5;Sports-Line;28
isuzu;d-max;;15
alpina;d3;;5
alpina;d5;;5
iveco;daily-35;;8
aston-martin;db;;13
aston-martin;db11;;19
aston-martin;dbs;;9
land-rover;defender;;120
land-rover;defender;SE;8
land-rover;discovery;;80
land-rover;discovery;HSE;26
land-rover;discovery;SE;10
land-rover;discovery-sport;;275
land-rover;discovery-sport;HSE;26
land-rover;discovery-sport;S;14
land-rover;discovery-sport;SE;67
fiat;doblo;;158
dacia;dokker;;29
dacia;dokker;Stepway;7
citroen;ds;;4
ds-automobiles;ds3;;82
ds-automobiles;ds3;Chic;7
ds-automobiles;ds3;So Chic;11
ds-automobiles;ds3-crossback;;11
ds-automobiles;ds3-crossback;Performance Line;7
ds-automobiles;ds4;;36
citroen;ds4-crossback;;2
citroen;ds5;;2
ds-automobiles;ds7;;92
ds-automobiles;ds7;Performance Line;22
ds-automobiles;ds7-crossback;;10
ds-automobiles;ds9;;4
fiat;ducato;;149
dodge;durango;;6
dacia;duster;;888
dacia;duster;Blackshadow;10
dacia;duster;Comfort;13
dacia;duster;Lauréate;8
dacia;duster;Prestige;50
honda;e;;7
mercedes-benz;e-200;;622
mercedes-benz;e-200;All-Terrain;14
mercedes-benz;e-200;AVANTGARDE;10
mercedes-benz;e-200;Sport Edition;8
peugeot;e-2008;;9
peugeot;e-208;;11
mercedes-benz;e-220;;827
mercedes-benz;e-220;All-Terrain;21
mercedes-benz;e-220;AVANTGARDE;10
mercedes-benz;e-250;;21
mercedes-benz;e-300;;872
mercedes-benz;e-300;AVANTGARDE;22
mercedes-benz;e-350;;132
mercedes-benz;e-350;AVANTGARDE;7
mercedes-benz;e-400;;471
mercedes-benz;e-400;All-Terrain;31
mercedes-benz;e-400;AVANTGARDE;15
mercedes-benz;e-43-amg;;21
mercedes-benz;e-43-amg;Mercedes-AMG;11
mercedes-benz;e-450;;99
mercedes-benz;e-450;AVANTGARDE;23
mercedes-benz;e-53-amg;;130
mercedes-benz;e-53-amg;Mercedes-AMG;116
mercedes-benz;e-63-amg;;95
mercedes-benz;e-63-amg;Mercedes-AMG S;60
kia;e-Niro;;2
fiat;e-ducato;;8
citroen;e-jumpy;;1
nissan;e-nv200;;3
jaguar;e-pace;;342
jaguar;e-pace;HSE;13
jaguar;e-pace;S;47
jaguar;e-pace;SE;42
kia;e-soul;;4
mercedes-benz;e-sprinter;;75
peugeot;e-traveller;;3
audi;e-tron;;1264
audi;e-tron;advanced;177
audi;e-tron;RS;44
audi;e-tron;S;112
audi;e-tron;S line;204
mercedes-benz;eVito;;62
mitsubishi;eclipse;;371
mitsubishi;eclipse;Basis;36
mitsubishi;eclipse;Intro Edition;8
mitsubishi;eclipse;Plus;114
mitsubishi;eclipse;Top;25
ford;ecosport;;1361
ford;ecosport;Cool & Connect;14
ford;ecosport;Ecosport S;879
ford;ecosport;Titanium;35
ford;ecosport;Titanium X;7
ford;ecosport;Trend;63
ford;edge;;183
ford;edge;TITANIUM;24
ford;edge;Vignale;26
mg;ehs;;34
hyundai;elantra;;4
skoda;enyaq-iv;;202
skoda;enyaq-iv;iV 60;21
skoda;enyaq-iv;iV 80;58
smart;eq-forfour;;134
smart;eq-fortwo;;126
smart;eq-fortwo-cabrio;;27
mercedes-benz;eqa;;100
mercedes-benz;eqb;;134
mercedes-benz;eqc-400;;212
mercedes-benz;eqc-400;AMG Line;83
mercedes-benz;eqe;;187
mercedes-benz;eqs;;197
mercedes-benz;eqv;;109
lexus;es-300;;11
cadillac;escalade;;4
renault;espace;;155
renault;espace;Initiale Paris;15
renault;espace;Limited;10
nissan;evalia;;4
lotus;exige;;1
peugeot;expert;;50
peugeot;expert;Allure;7
ford;explorer;;67
renault;express;;171
renault;express;Basis;12
ford;f-150;;4
jaguar;f-pace;;395
jaguar;f-pace;Chequered Flag;7
jaguar;f-pace;Portfolio;32
jaguar;f-pace;Prestige;27
jaguar;f-pace;Pure;9
jaguar;f-pace;R-DYNAMIC BLACK;10
jaguar;f-pace;S;35
jaguar;f-pace;SE;30
jaguar;f-pace;SVR;27
jaguar;f-type;;202
jaguar;f-type;R;23
jaguar;f-type;R-DYNAMIC;14
jaguar;f-type;R-DYNAMIC BLACK;28
skoda;fabia;;2905
skoda;fabia;Active;171
skoda;fabia;ACTIVE;34
skoda;fabia;Ambition;272
skoda;fabia;BEST OF;88
skoda;fabia;Clever;71
skoda;fabia;CLEVER BEST OF;63
skoda;fabia;Cool Edition;34
skoda;fabia;COOL PLUS;131
skoda;fabia;Monte Carlo;49
skoda;fabia;Style;123
ford;fiesta;;1577
ford;fiesta;Active;52
ford;fiesta;Active Colourline;9
ford;fiesta;Active Plus;15
ford;fiesta;Active X;24
ford;fiesta;Cool & Connect;88
ford;fiesta;ST X;31
ford;fiesta;Titanium;380
ford;fiesta;Titanium X;183
ford;fiesta;Trend;160
ford;fiesta;Vignale;56
fiat;fiorino;;87
fiat;fiorino;Lounge;13
fiat;fiorino;Pop;10
toyota;fj;;2
bentley;flying-spur;;3
ford;focus;;2957
ford;focus;Active;412
ford;focus;Active X;33
ford;focus;Cool & Connect;84
ford;focus;ST;95
ford;focus;ST Edition;43
ford;focus;ST X;19
ford;focus;Titanium;747
ford;focus;Titanium X;102
ford;focus;Trend;224
ford;focus;Vignale;138
subaru;forester;;64
subaru;forester;Active;11
subaru;forester;Comfort;8
subaru;forester;Platinum;11
smart;forfour;;189
smart;forfour;Passion;7
cupra;formentor;;2397
cupra;formentor;VZ;213
cupra;formentor;VZ5;148
smart;fortwo;;280
nissan;frontier;;6
fiat;fullback;;3
mercedes-benz;g-350;;60
mercedes-benz;g-400;;16
mercedes-benz;g-500;;39
mercedes-benz;g-63-amg;;38
mercedes-benz;g-63-amg;Mercedes-AMG;29
ford;galaxy;;126
ford;galaxy;Business Edition;8
ford;galaxy;Titanium;57
maserati;ghibli;;53
alfa-romeo;giulia;;113
alfa-romeo;giulia;Quadrifoglio;21
alfa-romeo;giulia;Veloce;37
alfa-romeo;giulietta;;10
mercedes-benz;gla-180;;137
mercedes-benz;gla-200;;497
mercedes-benz;gla-220;;107
mercedes-benz;gla-250;;366
mercedes-benz;gla-35-amg;;29
mercedes-benz;gla-35-amg;Mercedes-AMG;24
mercedes-benz;gla-45-amg;;21
mercedes-benz;gla-45-amg;Mercedes-AMG S;7
jeep;gladiator;;70
mercedes-benz;glb-180;;83
mercedes-benz;glb-200;;561
mercedes-benz;glb-220;;134
mercedes-benz;glb-250;;108
mercedes-benz;glc-200;;315
mercedes-benz;glc-220;;683
mercedes-benz;glc-250;;248
mercedes-benz;glc-250;AMG Line;59
mercedes-benz;glc-250;EXCLUSIVE;33
mercedes-benz;glc-300;;841
mercedes-benz;glc-300;AMG Line;12
mercedes-benz;glc-350;;83
mercedes-benz;glc-350;AMG Line;28
mercedes-benz;glc-350;EXCLUSIVE;13
mercedes-benz;glc-400;;201
mercedes-benz;glc-43-amg;;134
mercedes-benz;glc-43-amg;Mercedes-AMG;113
mercedes-benz;glc-63-amg;;164
mercedes-benz;glc-63-amg;Mercedes-AMG;54
mercedes-benz;glc-63-amg;Mercedes-AMG S;79
mercedes-benz;gle-250;;2
mercedes-benz;gle-300-amg;;133
mercedes-benz;gle-350;;402
mercedes-benz;gle-400;;245
mercedes-benz;gle-43-amg;;7
mercedes-benz;gle-450-amg;;49
mercedes-benz;gle-500;;10
mercedes-benz;gle-53-amg;;34
mercedes-benz;gle-53-amg;Mercedes-AMG;25
mercedes-benz;gle-63-amg;;49
mercedes-benz;gle-63-amg;Mercedes-AMG;7
mercedes-benz;gle-63-amg;Mercedes-AMG S;23
mercedes-benz;glk-220;;3
mercedes-benz;gls-350;;20
mercedes-benz;gls-400;;54
mercedes-benz;gls-500;;3
mercedes-benz;gls-580;;15
mercedes-benz;gls-63-amg;;10
mercedes-benz;gls-63-amg;Mercedes-AMG;10
vw;golf;;15643
vw;golf;ACTIVE;1030
vw;golf;Comfortline;408
vw;golf;GTE;350
vw;golf;GTI;906
vw;golf;GTI Clubsport;369
vw;golf;GTI Performance;479
vw;golf;Highline;308
vw;golf;Life;839
vw;golf;R;392
vw;golf;Style;612
vw;golf-plus;;1
vw;golf-sportsvan;;781
vw;golf-sportsvan;Allstar;18
vw;golf-sportsvan;Comfortline;101
vw;golf-sportsvan;Highline;72
vw;golf-sportsvan;IQ.DRIVE;21
vw;golf-sportsvan;JOIN;72
vw;golf-sportsvan;Lounge;21
vw;golf-sportsvan;Sound;42
vw;golf-sportsvan;Trendline;24
vw;golf-sportsvan;United;95
vw;golf-variant;;6194
vw;golf-variant;Alltrack;55
vw;golf-variant;Comfortline;316
vw;golf-variant;Highline;184
vw;golf-variant;IQ.DRIVE;37
vw;golf-variant;Join;88
vw;golf-variant;JOIN;20
vw;golf-variant;R;70
vw;golf-variant;Sound;38
vw;golf-variant;Trendline;173
vw;golf-variant;United;128
maserati;grancabrio;;1
ford;grand-c-max;;50
ford;grand-c-max;Titanium;16
citroen;grand-c4;;25
citroen;grand-c4;SHINE;12
citroen;grand-c4-picasso;;14
jeep;grand-cherokee;;53
hyundai;grand-santa-fe;;1
renault;grand-scenic;;252
renault;grand-scenic;Black Edition;8
renault;grand-scenic;Bose Edition;35
renault;grand-scenic;Intens;50
renault;grand-scenic;Limited;29
ford;grand-tourneo;;86
opel;grandland-x;;954
opel;grandland-x;120 Jahre;31
opel;grandland-x;Business Edition;13
opel;grandland-x;Business Innovation;15
opel;grandland-x;Design Line;12
opel;grandland-x;Edition;62
opel;grandland-x;Elegance;32
opel;grandland-x;Innovation;104
opel;grandland-x;Opel 2020;30
opel;grandland-x;Selection;25
opel;grandland-x;Ultimate;158
lada;granta;;1
lexus;gs-450;;3
mercedes-benz;gt-43;;6
nissan;gt-r;;2
toyota;gt86;;5
hyundai;h-1;;4
toyota;highlander;;7
toyota;hilux;;41
honda;hr-v;;64
honda;hr-v;Executive;17
lamborghini;huracan;;1
mitsubishi;i-miev;;1
jaguar;i-pace;;94
jaguar;i-pace;S;64
jaguar;i-pace;SE;7
hyundai;i10;;320
hyundai;i10;EDITION 30;37
hyundai;i10;N Line;9
hyundai;i10;Select;14
hyundai;i10;Trend;56
hyundai;i20;;544
hyundai;i20;Classic;7
hyundai;i20;Edition 30;33
hyundai;i20;Intro;7
hyundai;i20;N Line;13
hyundai;i20;N Performance;7
hyundai;i20;Prime;12
hyundai;i20;Select;30
hyundai;i20;Style;14
hyundai;i20;Trend;18
bmw;i3;;75
hyundai;i30;;1312
hyundai;i30;Intro;43
hyundai;i30;N Line;9
hyundai;i30;N Performance;140
hyundai;i30;Passion Plus;13
hyundai;i30;Premium;17
hyundai;i30;Prime;14
hyundai;i30;Pure;22
hyundai;i30;Select;64
hyundai;i30;Trend;147
hyundai;i40;;25
hyundai;i40;Trend;7
bmw;i8;;8
seat;ibiza;;1904
seat;ibiza;Beats;29
seat;ibiza;Black Edition;25
seat;ibiza;Carbon Edition;22
seat;ibiza;FR;335
seat;ibiza;FR BEATS;18
seat;ibiza;FR Pro Black Edition;29
seat;ibiza;Reference;56
seat;ibiza;Style;693
seat;ibiza;Style BEATS;26
seat;ibiza;Xcellence;121
vw;id.3;;430
vw;id.3;Business;9
vw;id.3;Life;13
vw;id.3;Max;7
vw;id.3;Pro;23
vw;id.3;Pro Performance 1st;102
vw;id.3;Pro Performance 1st Max;124
vw;id.3;Pro Performance 1st Plus;21
vw;id.3;Pro S;14
vw;id.3;Pure;8
vw;id.3;Tech;11
vw;id.4;;202
vw;id.4;1st;116
vw;id.4;1st Max;28
vw;id.4;GTX;11
vw;id.4;Pure;7
suzuki;ignis;;211
suzuki;ignis;Club;12
suzuki;ignis;Comfort;96
suzuki;ignis;Comfort+;9
subaru;impreza;;8
honda;insight;;1
opel;insignia;;907
opel;insignia;Business;15
opel;insignia;Business Elegance;20
opel;insignia;Business Innovation;17
opel;insignia;Country Tourer;18
opel;insignia;Dynamic;24
opel;insignia;Edition;70
opel;insignia;Elegance;115
opel;insignia;GSI;37
opel;insignia;Innovation;103
opel;insignia;Ultimate;56
opel;insignia-ct;;4
nissan;interstar;;15
peugeot;ion;;1
hyundai;ioniq;;183
hyundai;ioniq5;;144
lexus;is-300;;8
hyundai;ix20;;17
bmw;ix3;;8
hyundai;ix35;;15
honda;jazz;;88
honda;jazz;Crosstar Executive;18
honda;jazz;Elegance;10
honda;jazz;Executive;16
suzuki;jimny;;89
mini;john-cooper-works;;81
mini;john-cooper-works;John Cooper Works;14
mini;john-cooper-works-cabrio;;49
mini;john-cooper-works-cabrio;John Cooper Works;8
mini;john-cooper-works-clubman;;16
mini;john-cooper-works-clubman;John Cooper Works;9
mini;john-cooper-works-countryman;;18
mini;john-cooper-works-countryman;John Cooper Works;14
ligier;js-50;;5
nissan;juke;;301
nissan;juke;ACENTA;17
nissan;juke;Acenta;12
citroen;jumper;;67
citroen;jumpy;;65
ford;ka;;32
renault;kadjar;;859
renault;kadjar;Black Edition;143
renault;kadjar;Bose Edition;113
renault;kadjar;Collection;8
renault;kadjar;Crossborder;13
renault;kadjar;Experience;12
renault;kadjar;Intens;41
renault;kadjar;Life;9
renault;kadjar;Limited;128
renault;kadjar;XMOD;22
renault;kadjar;Zen;95
skoda;kamiq;;1630
skoda;kamiq;Active;199
skoda;kamiq;Ambition;157
skoda;kamiq;Clever;158
skoda;kamiq;Drive 125;14
skoda;kamiq;Monte Carlo;205
skoda;kamiq;Scoutline;31
skoda;kamiq;Style;286
renault;kangoo;;678
renault;kangoo;other;12
opel;karl;;39
skoda;karoq;;2678
skoda;karoq;Ambition;225
skoda;karoq;Clever;148
skoda;karoq;Drive 125;20
skoda;karoq;Scout;18
skoda;karoq;Soleil;8
skoda;karoq;Sport Line;426
skoda;karoq;Style;905
skoda;kodiaq;;1827
skoda;kodiaq;Ambition;58
skoda;kodiaq;Clever;34
skoda;kodiaq;RS;108
skoda;kodiaq;Sport Line;78
skoda;kodiaq;Style;268
renault;koleos;;274
renault;koleos;Initiale Paris;95
renault;koleos;Intens;34
renault;koleos;Life;12
renault;koleos;Limited;25
hyundai;kona;;517
hyundai;kona;Edition 30;65
hyundai;kona;N;41
hyundai;kona;Premium;19
hyundai;kona;Prime;15
hyundai;kona;Pure;26
hyundai;kona;Select;21
hyundai;kona;Style;13
hyundai;kona;Trend;43
hyundai;kona-elektro;;64
ssangyong;korando;;42
ford;kuga;;3229
ford;kuga;Black & Silver;7
ford;kuga;Cool & Connect;122
ford;kuga;Individual;21
ford;kuga;Titanium;609
ford;kuga;Titanium X;1016
ford;kuga;Trend;74
ford;kuga;Vignale;107
mitsubishi;l200;;44
mitsubishi;lancer;;1
toyota;land-cruiser;;38
lexus;lc-500;;22
nissan;leaf;;57
subaru;legacy;;1
seat;leon;;4655
seat;leon;Cupra 300;11
seat;leon;FR;843
seat;leon;FR Black Matt Edition;24
seat;leon;FR Plus;17
seat;leon;Reference;28
seat;leon;Style;517
seat;leon;VZ;166
seat;leon;Xcellence;192
seat;leon;Xcellence Plus;24
maserati;levante;;70
subaru;levorg;;1
dacia;lodgy;;54
dacia;lodgy;Stepway;25
dacia;logan;;71
dacia;logan;Comfort;9
dacia;logan;Stepway;8
microcar;m.go;;4
bmw;m135;;55
bmw;m140i;;16
bmw;m2;;60
bmw;m2;M2 Competition;8
bmw;m235i;;26
bmw;m240i;;62
bmw;m3;;138
bmw;m4;;140
bmw;m5;;61
bmw;m5;M5;25
bmw;m5;M5 Competition;20
bmw;m550;;88
bmw;m6;;1
bmw;m760;;1
porsche;macan;;337
porsche;macan;GTS;29
porsche;macan;S;54
mg;marvel-r;;2
renault;master;;229
ford;maverick;;1
renault;megane;;1296
renault;megane;Bose Edition;28
renault;megane;Experience;11
renault;megane;GT Line;12
renault;megane;Intens;133
renault;megane;Life;30
renault;megane;Limited;157
renault;megane;R.S Line;104
renault;megane;R.S.;14
renault;megane;R.S. Trophy;17
renault;megane;Zen;128
opel;meriva;;21
nissan;micra;;593
nissan;micra;Acenta;115
nissan;micra;Tekna;14
nissan;micra;Visia;84
seat;mii;;139
seat;mii;Chic;27
seat;mii;Plus;9
seat;mii;Style;48
toyota;mirai;;16
alfa-romeo;mito;;3
mercedes-benz;ml-350;;1
tesla;model-3;;58
tesla;model-s;;5
tesla;model-x;;1
opel;mokka;;2136
opel;mokka;120 Jahre;22
opel;mokka;Design Line;8
opel;mokka;Edition;147
opel;mokka;Elegance;340
opel;mokka;GS Line;266
opel;mokka;INNOVATION;93
opel;mokka;On;9
opel;mokka;Ultimate;160
opel;mokka-e;;9
ford;mondeo;;513
ford;mondeo;Business Edition;31
ford;mondeo;Titanium;107
ford;mondeo;Trend;34
ford;mondeo;Vignale;79
opel;movano;;203
toyota;mr-2;;1
bentley;mulsanne;;1
vw;multivan;;152
nissan;murano;;1
ssangyong;musso;;20
ford;mustang;;490
ford;mustang;Bullitt;9
ford;mustang;GT;378
ford;mustang;MACH 1;13
ford;mustang-mach-e;;196
mazda;mx-30;;48
mazda;mx-5;;233
mazda;mx-5;Ad'vantage;7
mazda;mx-5;Ad'vantage Design;7
mazda;mx-5;Sakura;17
mazda;mx-5;Selection;26
mazda;mx-5;Sports-Line;7
nissan;navara;;39
vw;new-beetle;;1
hyundai;nexo;;9
kia;niro;;164
kia;niro;Spirit;23
kia;niro;Vision;8
lada;niva;;13
nissan;note;;4
nissan;nv200;;7
nissan;nv300;;24
nissan;nv400;;6
lexus;nx-200;;1
lexus;nx-300;;18
skoda;octavia;;3610
skoda;octavia;Ambition;214
skoda;octavia;Clever;76
skoda;octavia;First Edition;63
skoda;octavia;RS;290
skoda;octavia;RS PLUS;55
skoda;octavia;Scout;41
skoda;octavia;Soleil;67
skoda;octavia;Sport Line;48
skoda;octavia;Style;363
skoda;octavia;Tour;26
mini;one;;243
mini;one;Classic Trim;9
mini;one;One;137
mini;one-cabrio;;60
mini;one-cabrio;One;50
mini;one-clubman;;45
mini;one-clubman;One;30
mini;one-countryman;;17
mini;one-countryman;One;10
mini;one-d;;12
mini;one-d-clubman;;3
mini;one-d-countryman;;7
mini;one-d-countryman;One;7
mini;one-first;;12
mini;one-first;One;9
kia;optima;;33
subaru;outback;;31
mitsubishi;outlander;;76
chrysler;pacifica;;2
mitsubishi;pajero;;4
porsche;panamera;;294
porsche;panamera;GTS;27
porsche;panamera;S;36
porsche;panamera;Turbo;13
porsche;panamera;Turbo S;21
fiat;panda;;33
fiat;panda;CITY LIFE;7
peugeot;partner;;36
peugeot;partner;Active;7
peugeot;partner-tepee;;3
vw;passat;;293
vw;passat;Alltrack;8
vw;passat;Business;59
vw;passat;Comfortline;20
vw;passat;Elegance;37
vw;passat;GTE;36
vw;passat-alltrack;;190
vw;passat-alltrack;Alltrack;147
vw;passat-cc;;1
vw;passat-gte-variant;;16
vw;passat-gte-variant;GTE;14
vw;passat-variant;;5103
vw;passat-variant;Alltrack;402
vw;passat-variant;Business;1244
vw;passat-variant;Comfortline;408
vw;passat-variant;Conceptline;10
vw;passat-variant;Elegance;952
vw;passat-variant;GTE;509
vw;passat-variant;Highline;77
vw;passat-variant;Trendline;45
kia;picanto;;171
kia;picanto;Dream-Team Edition;7
kia;picanto;GT Line;11
kia;picanto;Spirit;11
mitsubishi;plug-in-hybrid-outlander;;5
vw;polo;;6426
vw;polo;ACTIVE;142
vw;polo;Beats;75
vw;polo;Comfortline;579
vw;polo;GTI;260
vw;polo;Highline;808
vw;polo;IQ.DRIVE;51
vw;polo;Life;612
vw;polo;Style;476
vw;polo;Trendline;121
vw;polo;United;213
piaggio;porter;;34
nissan;primastar;;31
toyota;prius;;5
kia;pro-cee-d;;237
kia;pro-cee-d;GT;76
kia;pro-cee-d;GT Line;16
toyota;proace;;158
nissan;pulsar;;24
ford;puma;;1261
ford;puma;Cool & Connect;14
ford;puma;ST-Line Design;7
ford;puma;ST-Line Vignale;9
ford;puma;Titanium;338
ford;puma;Titanium X;338
fiat;punto;;4
audi;q2;;2691
audi;q2;advanced;508
audi;q2;design;99
audi;q2;S line;586
audi;q2;sport;330
audi;q3;;4539
audi;q3;advanced;464
audi;q3;design;15
audi;q3;S line;1334
audi;q3;S Line;21
audi;q3;sport;35
infiniti;q30;;5
audi;q4;;230
audi;q5;;3765
audi;q5;advanced;348
audi;q5;design;7
audi;q5;edition one;50
audi;q5;S line;709
audi;q5;sport;46
audi;q5;Sport;9
infiniti;q50;;3
infiniti;q60;;6
audi;q7;;576
audi;q7;competition plus;17
audi;q7;S line;113
audi;q8;;330
audi;q8;competition plus;15
nissan;qashqai;;1014
nissan;qashqai;360°;7
nissan;qashqai;Acenta;99
nissan;qashqai;Acenta+;7
nissan;qashqai;Tekna;138
nissan;qashqai;Visia;42
audi;quattro;;3
maserati;quattroporte;;12
fiat;qubo;;3
infiniti;qx30;;1
infiniti;qx50;;1
infiniti;qx70;;1
audi;r8;;144
dodge;ram;;47
land-rover;range-rover;;44
land-rover;range-rover;Vogue;7
land-rover;range-rover-evoque;;428
land-rover;range-rover-evoque;Autobiography;9
land-rover;range-rover-evoque;HSE;10
land-rover;range-rover-evoque;HSE Dynamic;32
land-rover;range-rover-evoque;Landmark Edition;7
land-rover;range-rover-evoque;S;28
land-rover;range-rover-evoque;SE;63
land-rover;range-rover-evoque;SE Dynamic;13
land-rover;range-rover-sport;;140
land-rover;range-rover-sport;Autobiography Dynamic;8
land-rover;range-rover-sport;HSE;19
land-rover;range-rover-sport;HSE Dynamic;35
land-rover;range-rover-sport;SE;8
land-rover;range-rover-sport;SVR;15
land-rover;range-rover-velar;;181
land-rover;range-rover-velar;HSE;19
land-rover;range-rover-velar;S;21
land-rover;range-rover-velar;SE;36
ford;ranger;;1079
skoda;rapid;;147
skoda;rapid;Ambition;12
skoda;rapid;Clever;26
skoda;rapid;Cool Edition;10
skoda;rapid;Drive;7
skoda;rapid;Monte Carlo;9
skoda;rapid;Style;17
aston-martin;rapide;;5
ford;raptor;;8
toyota;rav-4;;166
toyota;rav-4;Adventure;10
toyota;rav-4;Executive;9
toyota;rav-4;Team Deutschland;11
lexus;rc-200;;2
lexus;rc-300;;2
lexus;rc-f;;2
peugeot;rcz;;3
jeep;renegade;;375
jeep;renegade;Limited;53
jeep;renegade;Longitude;8
jeep;renegade;Night Eagle;8
jeep;renegade;Trailhawk;10
ssangyong;rexton;;27
peugeot;rifter;;72
peugeot;rifter;Active;16
peugeot;rifter;Allure;21
kia;rio;;204
kia;rio;Spirit;10
kia;rio;Vision;18
ssangyong;rodius;;1
skoda;roomster;;1
audi;rs-e-tron-gt;;129
audi;rs3;;503
audi;rs4;;231
audi;rs5;;223
audi;rs6;;182
audi;rs7;;39
audi;rsq3;;459
audi;rsq8;;143
lexus;rx-450;;41
mercedes-benz;s-350;;42
mercedes-benz;s-400;;81
mercedes-benz;s-450;;18
mercedes-benz;s-500;;38
mercedes-benz;s-560;;36
mercedes-benz;s-580;;3
mercedes-benz;s-600;;2
mercedes-benz;s-63-amg;;30
mercedes-benz;s-63-amg;Mercedes-AMG;15
mercedes-benz;s-65-amg;;1
ford;s-max;;446
ford;s-max;Business Edition;10
ford;s-max;Titanium;147
ford;s-max;Trend;54
ford;s-max;Vignale;58
audi;s1;;8
audi;s3;;411
audi;s3;edition one;9
audi;s4;;146
audi;s5;;290
audi;s6;;484
volvo;s60;;92
volvo;s60;Inscription;29
volvo;s60;R Design;9
volvo;s60;Recharge Inscription;8
volvo;s60-cc;;1
mercedes-benz;s63;;7
audi;s7;;74
audi;s8;;64
volvo;s90;;46
volvo;s90;Inscription;10
volvo;s90;R-Design;8
dacia;sandero;;1006
dacia;sandero;Access;12
dacia;sandero;Comfort;81
dacia;sandero;Essential;18
dacia;sandero;Stepway Celebration;18
dacia;sandero;Stepway Comfort;179
dacia;sandero;Stepway Essential;49
dacia;sandero;Stepway Prestige;26
hyundai;santa-fe;;166
hyundai;santa-fe;Premium;21
hyundai;santa-fe;Prime;8
hyundai;santa-fe;Signature;10
skoda;scala;;1457
skoda;scala;Active;8
skoda;scala;Ambition;64
skoda;scala;Clever;40
skoda;scala;COOL PLUS;57
skoda;scala;Drive 125;23
skoda;scala;Monte Carlo;63
skoda;scala;Style;91
renault;scenic;;424
renault;scenic;Black Edition;28
renault;scenic;Bose Edition;36
renault;scenic;Experience;9
renault;scenic;Intens;96
renault;scenic;Limited;111
vw;scirocco;;7
fiat;scudo;;145
vw;sharan;;655
vw;sharan;Comfortline;177
vw;sharan;Highline;128
vw;sharan;JOIN;15
vw;sharan;Trendline;21
vw;sharan;United;64
toyota;sienna;;7
chevrolet;silverado;;3
mercedes-benz;sl-400;;7
mercedes-benz;sl-500;;4
mercedes-benz;sl-63-amg;;18
mercedes-benz;sl-65-amg;;1
mercedes-benz;slc-180;;20
mercedes-benz;slc-200;;38
mercedes-benz;slc-250;;1
mercedes-benz;slc-300;;22
mercedes-benz;slc-43-amg;;15
mercedes-benz;slc-43-amg;AMG;10
mercedes-benz;slk-200;;2
mercedes-benz;slk-250;;1
kia;sorento;;94
kia;sorento;Platinum;10
kia;sorento;Platinum Edition;15
kia;soul;;4
mitsubishi;space-star;;236
citroen;spacetourer;;80
citroen;spacetourer;Business;10
citroen;spacetourer;Feel;17
citroen;spacetourer;Shine;12
kia;sportage;;900
kia;sportage;Attract;8
kia;sportage;Dream-Team;11
kia;sportage;Edition 7;13
kia;sportage;GT line;47
kia;sportage;Spirit;22
kia;sportage;Vision;45
dacia;spring;;162
mercedes-benz;sprinter;;789
audi;sq2;;159
audi;sq2;SQ2;139
audi;sq5;;689
audi;sq7;;212
audi;sq8;;129
hyundai;staria;;140
alfa-romeo;stelvio;;167
alfa-romeo;stelvio;Lusso Ti;13
alfa-romeo;stelvio;Quadrifoglio;17
alfa-romeo;stelvio;Sprint;8
alfa-romeo;stelvio;Super;33
alfa-romeo;stelvio;Veloce;27
kia;stinger;;48
kia;stinger;GT;28
kia;stonic;;343
kia;stonic;Spirit;10
kia;stonic;Vision;18
skoda;superb;;2143
skoda;superb;Active;13
skoda;superb;ACTIVE;12
skoda;superb;Ambition;390
skoda;superb;PREMIUM EDITION;53
skoda;superb;Scout;33
skoda;superb;Sport Line;443
skoda;superb;SportLine;14
skoda;superb;Style;556
toyota;supra;;42
suzuki;swace;;35
suzuki;swift;;271
suzuki;swift;Club;7
suzuki;swift;Sport;56
suzuki;sx4;;1
suzuki;sx4-s-cross;;73
suzuki;sx4-s-cross;Comfort;10
suzuki;sx4-s-cross;Comfort+;16
vw;t-cross;;6926
vw;t-cross;ACTIVE;615
vw;t-cross;Life;351
vw;t-cross;Style;585
vw;t-cross;United;248
vw;t-roc;;11066
vw;t-roc;ACTIVE;1877
vw;t-roc;IQ.DRIVE;54
vw;t-roc;R;500
vw;t-roc;Sport;1834
vw;t-roc;Style;2337
vw;t-roc;Trendline;27
vw;t-roc;United;1135
vw;t-roc-cabriolet;;2105
vw;t-roc-cabriolet;ACTIVE;132
vw;t-roc-cabriolet;R-Line;12
vw;t-roc-cabriolet;Style;1447
vw;t5;;3
vw;t5-multivan;;5
vw;t6;;1768
vw;t6;other;20
vw;t6-california;;1651
vw;t6-caravelle;;479
vw;t6-caravelle;Comfortline;7
vw;t6-kombi;;454
vw;t6-multivan;;2131
vw;t6-multivan;Comfortline;10
vw;t7-multivan;;347
toyota;tacoma;;8
chevrolet;tahoe;;2
lada;taiga;;2
vw;taigo;;2708
fiat;talento;;20
renault;talisman;;386
renault;talisman;Initiale Paris;121
renault;talisman;Intens;90
renault;talisman;Life;7
renault;talisman;Limited;29
seat;tarraco;;867
seat;tarraco;FR;103
seat;tarraco;Style;116
seat;tarraco;Xcellence;278
porsche;taycan;;284
porsche;taycan;S;10
porsche;taycan;Turbo;25
porsche;taycan;Turbo S;12
man;tge-3.140;;4
man;tge-3.180;;8
vw;tiguan;;11051
vw;tiguan;ACTIVE;759
vw;tiguan;Comfortline;333
vw;tiguan;Elegance;1666
vw;tiguan;Highline;589
vw;tiguan;JOIN;130
vw;tiguan;Life;1377
vw;tiguan;R;205
vw;tiguan;Trendline;72
vw;tiguan;United;260
vw;tiguan;URBAN SPORT;114
fiat;tipo;;381
fiat;tipo;Lounge;10
fiat;tipo;STREET;9
ssangyong;tivoli;;53
seat;toledo;;7
vw;touareg;;1075
vw;touareg;Elegance;118
vw;touran;;2834
vw;touran;ACTIVE;425
vw;touran;Comfortline;554
vw;touran;Highline;467
vw;touran;IQ.DRIVE;12
vw;touran;JOIN;76
vw;touran;Sound;24
vw;touran;Trendline;36
vw;touran;United;207
ford;tourneo;;4
ford;tourneo-connect;;181
ford;tourneo-connect;Titanium;8
ford;tourneo-courier;;48
ford;tourneo-courier;Titanium;18
ford;tourneo-courier;Trend;11
ford;tourneo-custom;;539
ford;tourneo-custom;Titanium;7
renault;trafic;;273
ford;transit;;1856
ford;transit-connect;;294
ford;transit-connect;Trend;14
ford;transit-courier;;262
ford;transit-custom;;851
peugeot;traveller;;37
peugeot;traveller;Allure;8
audi;tt;;605
audi;tt-rs;;208
audi;tts;;197
hyundai;tucson;;733
hyundai;tucson;Advantage;16
hyundai;tucson;Classic;14
hyundai;tucson;N Line;20
hyundai;tucson;Premium;34
hyundai;tucson;Prime;35
hyundai;tucson;Select;69
hyundai;tucson;Style;32
hyundai;tucson;Trend;73
toyota;tundra;;2
renault;twingo;;457
renault;twingo;Intens;48
renault;twingo;Life;34
renault;twingo;Limited;57
renault;twingo;Luxe;8
renault;twingo;Urban Night;29
renault;twingo;Vibes;7
renault;twingo;Zen;68
renault;twizy;;11
fiat;ulysse;;7
vw;up;;1380
vw;up;colour up! sandstorm yellow;59
vw;up;cross up!;19
vw;up;e-up! style;17
vw;up;GTI;141
vw;up;high up!;31
vw;up;join up!;44
vw;up;move up!;237
vw;up;move up! BlueMotion Technology;15
vw;up;sound up!;16
vw;up;up! IQ.DRIVE;20
lada;urban;;1
mercedes-benz;v-200;;6
mercedes-benz;v-220;;264
mercedes-benz;v-220;EDITION;10
mercedes-benz;v-250;;488
mercedes-benz;v-300;;356
mercedes-benz;v-300;EDITION;8
aston-martin;v12-vantage;;3
volvo;v40;;67
volvo;v40;Momentum;17
volvo;v40-cc;;5
volvo;v60;;528
volvo;v60;Inscription;82
volvo;v60;Momentum;81
volvo;v60;Momentum Core;7
volvo;v60;Momentum Pro;37
volvo;v60;Pro;8
volvo;v60;R Design;19
volvo;v60;Recharge Inscription;34
volvo;v60;Recharge R Design;15
volvo;v60-cc;;16
volvo;v60-cc;Momentum;7
volvo;v70;;1
aston-martin;v8-vantage;;16
volvo;v90;;377
volvo;v90;Inscription;54
volvo;v90;Momentum;59
volvo;v90;Momentum Pro;12
volvo;v90;R-Design;20
volvo;v90;Recharge Inscription;51
volvo;v90-cross-country;;102
volvo;v90-cross-country;Pro;31
aston-martin;vanquish;;3
hyundai;veloster;;4
kia;venga;;23
toyota;verso;;7
toyota;verso-s;;3
lada;vesta;;1
suzuki;vitara;;333
suzuki;vitara;Comfort;54
suzuki;vitara;Comfort+;85
suzuki;vitara;Vitara S;33
mercedes-benz;vito;;887
opel;vivaro;;158
opel;vivaro;Edition;11
jeep;wagoneer;;5
jeep;wrangler;;164
jeep;wrangler;Rubicon;25
jeep;wrangler;Sahara;25
subaru;wrx-sti;;3
mercedes-benz;x-220;;1
mercedes-benz;x-250;;18
mercedes-benz;x-350-d;;34
nissan;x-trail;;158
nissan;x-trail;ACENTA;12
nissan;x-trail;TEKNA;44
bmw;x1;;793
bmw;x1;Advantage;90
bmw;x1;M Sport;69
bmw;x1;Sport Line;60
bmw;x1;xLine;46
bmw;x2;;567
bmw;x2;Advantage;77
bmw;x2;Advantage Plus;18
bmw;x2;Edition M Mesh;18
bmw;x2;M Sport;96
bmw;x2;M Sport X;27
bmw;x2;M35;35
bmw;x3;;699
bmw;x3;Advantage;37
bmw;x3;Luxury Line;20
bmw;x3;M;9
bmw;x3;M COMPETITION;15
bmw;x3;M Sport;136
bmw;x3;xLine;76
bmw;x4;;123
bmw;x4;M COMPETITION;8
bmw;x4;M Sport;39
bmw;x4;xLine;23
bmw;x4-m40;;76
bmw;x5;;330
bmw;x5-m;;17
bmw;x5-m50;;55
bmw;x6;;47
bmw;x6-m;;12
bmw;x6-m;M Competition;7
bmw;x6-m50;;34
bmw;x7;;36
volvo;xc-40;;700
volvo;xc-40;Inscription;43
volvo;xc-40;Momentum;88
volvo;xc-40;Momentum Pro;122
volvo;xc-40;R Design;27
volvo;xc-40;Recharge R Design;63
volvo;xc-40;Recharge R Design Expression;19
volvo;xc-40;Recharge R Inscription;37
volvo;xc-60;;1153
volvo;xc-60;Inscription;233
volvo;xc-60;Momentum;180
volvo;xc-60;Momentum Pro;30
volvo;xc-60;R Design;54
volvo;xc-60;Recharge Inscription;77
volvo;xc-60;Recharge R Design;16
volvo;xc-60;Summum;25
volvo;xc-90;;548
volvo;xc-90;Inscription;320
volvo;xc-90;Momentum;16
volvo;xc-90;Momentum Pro;55
volvo;xc-90;R-Design;11
volvo;xc-90;Recharge Inscription;31
kia;xceed;;513
kia;xceed;Black Xdition;29
kia;xceed;GT LINE;10
kia;xceed;Platinum;13
kia;xceed;Platinum Edition;24
kia;xceed;Spirit;22
kia;xceed;Vision;41
kia;xceed;Xdition;15
alpina;xd3;;3
jaguar;xe;;84
jaguar;xe;Pure;12
jaguar;xe;R-DYNAMIC BLACK;7
jaguar;xe;S;8
jaguar;xe;SE;7
jaguar;xf;;126
jaguar;xf;Portfolio;20
jaguar;xf;Prestige;14
jaguar;xf;Pure;10
jaguar;xf;S;11
jaguar;xj;;5
cadillac;xt4;;15
cadillac;xt5;;1
subaru;xv;;37
subaru;xv;Comfort;11
subaru;xv;Exclusive;8
toyota;yaris;;555
toyota;yaris;Business Edition;9
toyota;yaris;Comfort;35
toyota;yaris;Style;7
toyota;yaris;Team Deutschland;156
toyota;yaris;Y20 Club;9
toyota;yaris-cross;;166
skoda;yeti;;67
skoda;yeti;Drive;8
gmc;yukon;;1
corvette;z06;;2
bmw;z4;;89
bmw;z4;Advantage;7
bmw;z4;M Sport;17
bmw;z4-m;;89
opel;zafira;;219
opel;zafira;Edition;15
opel;zafira;Elegance;11
opel;zafira;Innovation;8
opel;zafira;Tourer;14
opel;zafira-e-life;;7
opel;zafira-tourer;;20
renault;zoe;;386
renault;zoe;Experience;82
renault;zoe;Intens;77
renault;zoe;Life;113
renault;zoe;Z.E. 40;13
mg;zs;;78

